Vehicle #,R(d),R(t),Wait Time,Avg. Occupancy
1,59.46758199999999,160.1322276666667,0,0.24001338327308971
2,40.711528,32.67852546666667,0,0.31639318438280734
3,5.906904,47.0984484,0,0.21336635369924417
4,52.952312,47.88253853333333,0,0.2180600608590958
