Vehicle #,R(d),R(t),Wait Time,Avg. Occupancy
1,2.1666666670000003,82.89166666535,0,0.10703394658137234
